paper_id,first_author,publication_year,title,publication,period,game_primary,franchise,er_code,er_confidence,kf_primary,kf_coprimary,nc_level,abstract_accessed,indigenous_paper,pokemon_cluster,irr_sample,training_set,coder_notes
Ulman2001,Ulman,2001,"Beyond Nature/Writing: Virtual Landscapes Online, in Print, and in ‘Real Life.’",Beyond nature writing: expanding the boundaries of ecocriticism,2001-2015,,None,,,,,,N,N,N,Y,A,
Balmford2002,Balmford,2002,Why Conservationists Should Heed Pokémon,Science,2001-2015,,Pokémon,,,,,,N,N,N,Y,A,
Wills2002,Wills,2002,Digital Dinosaurs and Artificial Life: Exploring the Culture of Nature in Computer and Video Games,Cultural Values,2001-2015,,None,,,,,,N,N,N,Y,,
Clary2004,Clary,2004,Digital Nature: Uru and the Representation of Wilderness in Computer Games,Works and Days,2001-2015,,None,,,,,,N,N,N,Y,B,
Opel2004,Opel,2004,"Zootycoon: Capitalism, Nature, and the Pursuit of Happiness",Ethics & the Environment,2001-2015,,None,,,,,,N,N,N,Y,,
Kaplan2008,Kaplan,2008,"Green Reading, Green Gaming: The Future of Ecocriticsm, Storytelling, and Environmental Ethics in Virtual Worlds",Meaningful Play 2008,2001-2015,,None,,,,,,N,N,N,Y,,
Stumpo2008,Stumpo,2008,E-cology: Everquest and the Environment(s),Interdisciplinary Studies in Literature and Environment,2001-2015,,None,,,,,,N,N,N,Y,,
Molloy2011,Molloy,2011,Hunted: Recreational Killing,Popular Media and Animals,2001-2015,,None,,,,,,N,N,N,Y,A,
Meyers2012,Meyers,2012,“Green Washing” the Digital Playground: How Virtual Worlds Support Ecological Intelligence…or Do They?,Proceedings of the 2012 iConference,2001-2015,,None,,,,,,N,N,N,Y,,
Weagly2013,Weagly,2013,"Dirt, not soil: A unit analysis of ""Minecraft"" dirt blocks and gameworld representations of global environmental ideologies",dissertation,2001-2015,,Minecraft,,,,,,N,N,N,Y,A,
Backe2014,Backe,2014,Greenshifting Game Studies: Arguments for an Ecocritical Approach to Digital Games,First Person Scholar,2001-2015,,None,,,,,,N,N,N,Y,B,
Bohunicky2014,Bohunicky,2014,Ecocomposition: Writing ecologies in digital games,Green Letters: Studies in Ecocriticism,2001-2015,,None,,,,,,N,N,N,Y,,
Caciuc2014,Caciuc,2014,Reflections on the Ecologic Ethics in Online Games,International Journal of Social and Educational Innovation,2001-2015,,None,,,,,,N,N,N,Y,A,
Tomotani2014,Tomotani,2014,"Robins, robins, robins",Journal of Geek Studies,2001-2015,,None,,,,,,N,N,Y,Y,B,
Condis2015,Condis,2015,"""Live in Your World, Play in Ours"": Video Games, Critical Play, and the Environmental Humanities",Resilience: A Journal of the Environmental Humanities,2001-2015,,None,,,,,,N,N,N,Y,A,
Lemonnier2015,Lemonnier,2015,Écofiction au sein de l'univers Pokémon: des observations aux applications serious d'un jeu vidéo,"Jeunes et Médias, Les Cahiers francophones de l''éducation aux médias-n° 7-été 2015: Les jeux vidéo: détournements, usages créatifs et enjeux pédagogiques",2001-2015,,Pokémon,,,,,,N,N,N,Y,B,
Parham2015,Parham,2015,Green Computer Games: To Play is to Inhabit,Green media and popular culture: an introduction,2001-2015,,None,,,,,,N,N,N,Y,A,
Sandbrook2015,Sandbrook,2015,Digital Games and Biodiversity Conservation,Conservation Letters,2001-2015,,None,,,,,,N,N,N,Y,B,
Woolbright2015,Woolbright,2015,Where the wild games are: Ecologies in Latin American video games,Ecomedia: Key Issues,2001-2015,,None,,,,,,N,N,N,Y,B,
Anderton2016,Anderton,2016,"Cyberbeasts: Substitution and Trivialization of the Non/Human Animal in Home Movies, Memes, and Video Games?",Screening the Nonhuman: Representations of Animal Others in the Media,2016-2019,,None,,,,,,N,N,N,Y,,
Liu2016,Liu,2016,Pokémon Go能促成新物种的发现？,Science World,2016-2019,,Pokémon,,,,,,N,N,N,Y,,
Smith2016,Smith,2016,A walk in the park: Is Pokémon Go foreshadowing the future of biodiversity research and scientific outreach?,EMBO reports,2016-2019,,Pokémon,,,,,,N,N,N,Y,,
Swanstrom2016,Swanstrom,2016,"Animal, Vegetable, Digital: Experiments in New Media Aesthetics and Environmental Poetics","Animal, Vegetable, Digital: Experiments in New Media Aesthetics and Environmental Poetics",2016-2019,,None,,,,,,N,N,N,Y,,
deLimaAlexandre2016,de Lima Alexandre,2016,Os moluscos presentes em Pokémon,I Colóquio de Zoologia Cultural - Livro do Evento,2016-2019,,Pokémon,,,,,,N,N,Y,Y,,
Baker2017,Baker,2017,"Civilization and Its Contents: Procedural Rhetoric, Nationalism, and Civilization V",dissertation,2016-2019,,Civilization,,,,,,N,N,N,Y,,
Bledstein2017,Bledstein,2017,Gaming Together: The Communal Journey in Upper One Games’ Never Alone,RoundTable: Roehampton Journal for Academic and Creative Writing,2016-2019,,NeverAlone-Thunderbird,,,,,,N,Y,N,Y,,
Bohunicky2017,Bohunicky,2017,Ecomods: An Ecocritical Approach to Game Modification,Ecozon@,2016-2019,,None,,,,,,N,N,N,Y,,
Navarro-Remesal2017,Navarro-Remesal,2017,Videojuego y Ecología: Nuevas formas deconcienciación,Presura,2016-2019,,None,,,,,,N,N,N,Y,,
Bonner2018,Bonner,2018,On Striated Wilderness and Prospect Pacing: Rural Open World Games as Liminal Spaces of the Man-Nature Dichotomy,Proceedings of DiGRA 2018,2016-2019,,None,,,,,,N,N,N,Y,,
Marqués2018,Marqués,2018,Ecological Videogames as a Means to Raise Environmental Awareness,"Proceedings of 1st International Conference on Transdisciplinary Studies in Arts, Technology and Society, ARTeFACTo 2018",2016-2019,,None,,,,,,N,N,N,Y,,
Mckeown2018,Mckeown,2018,"Videogame Ecologies: Interaction, Aesthetics, Affect",dissertation,2016-2019,,None,,,,,,N,N,N,Y,,
Schmidt-Jeffris2018,Schmidt-Jeffris,2018,Gotta Catch’em All! Communicating Entomology with Pokémon,American Entomologist,2016-2019,,Pokémon,,,,,,N,N,Y,Y,,
Chang2019a,Chang,2019,Between Plants and Polygons: SpeedTrees and an Even Speedier History of Digital Morphogenesis,electronic book review,2016-2019,,None,,,,,,N,N,N,Y,,
Fernández-Caro2019,Fernández-Caro,2019,"Post-Apocalyptic Nonhuman Characters in Horizon: Zero Dawn: Animal Machines, Posthumans, and AI-Based Deities",Journal of Science Fiction,2016-2019,,None,,,,,,N,N,N,Y,,
Haugom2019,Haugom,2019,When Ludology and Narratology Meet: A Comparative Analysis of an Ecofictional Video Game and an Ecofictional Book,dissertation,2016-2019,,None,,,,,,N,N,N,Y,,
Jansen2019,Jansen,2019,The Environment at Play: Confronting Nature in The Elder Scrolls V: Skyrim and the “Frostfall” Ecomod,Press Start,2016-2019,,None,,,,,,N,N,N,Y,,
Navarro-Remesal2019,Navarro-Remesal,2019,"Pixelated nature: ecocriticism, animals, moral consideration, and degrowth in videogames",Logos,2016-2019,,None,,,,,,N,N,N,Y,,
Sellers2019,Sellers,2019,Pixelated Frontiers: Videogames and the Sublimation of Nature,dissertation,2016-2019,,None,,,,,,N,N,N,Y,,
Comerford2020,Comerford,2020,"Coconuts, Custom-Play & COVID-19: Social Isolation, Serious Leisure and Personas in Animal Crossing: New Horizons",Persona Studies,2020-2022,,AnimalCrossing,,,,,,N,N,N,Y,,
Galloway2020,Galloway,2020,Soundwalking and the Aurality of Stardew Valley: An Ethnography of Listening to and Interacting with Environmental Game Audio,Music in the Role-Playing Game: Heroes & Harmonies,2020-2022,,StardewValley,,,,,,N,N,N,Y,,
Goulart2020,Goulart,2020,As plantas carnívoras e cactos Caryophyllales em Pokémon um olhar a partir da Botânica Cultural,A Bruxa,2020-2022,,Pokémon,,,,,,N,N,Y,Y,,
Graça2020,Graça,2020,Poké-aves: a diversidade ornitológica como referência para a franquia Pokémon,A Bruxa,2020-2022,,Pokémon,,,,,,N,N,Y,Y,,
LeVaillant2020,Le Vaillant,2020,What’s your favourite Pokémon? Pocket monster popularity reflects interest in real-world Biology,Journal of Geek Studies,2020-2022,,Pokémon,,,,,,N,N,Y,Y,,
Chang2021,Chang,2021,Digital Games,The Cambridge Companion to Literature and the Anthropocene,2020-2022,,None,,,,,,N,N,N,Y,,
Dyer2021,Dyer,2021,"“In You All Things”: Biblical Influences on Story, Gameplay, and Aesthetics in Guerrilla Games’ Horizon Zero Dawn",Journal for Interdisciplinary Biblical Studies,2020-2022,,Horizon,,,,,,N,N,N,Y,,
Gusland2021,Gusland,2021,Video Games and Sustainability Transformations: Exploring the Potential for Empowered Subjectivities through Virtual Experience A Qualitative Case Study of Eco,dissertation,2020-2022,,None,,,,,,N,N,N,Y,,
Hubertová2021,Hubertová,2021,Reflection on Environmental Issues in Mainstream Video Games: Asking Players,dissertation,2020-2022,,None,,,,,,N,N,N,Y,,
Laato2021,Laato,2021,Central Themes of the Pokémon Franchise and why they Appeal to Humans,Proceedings of the 54th Hawaii International Conference on System Sciences,2020-2022,,Pokémon,,,,,,N,N,N,Y,,
Saaty2021a,Saaty,2021,A Study on Pokémon GO: Exploring the Potential of Location-based Mobile Exergames in Connecting Players with Nature,"Extended Abstracts of the 2021 Annual Symposium on Computer-Human Interaction in Play (CHI PLAY ’21), October 18-21, 2021, Virtual Event, Austria",2020-2022,,Pokémon,,,,,,N,N,N,Y,,
Vuong2021b,Vuong,2021,On the environment-destructive probabilistic trends: A perceptual and behavioral study on video game players,Technology in Society,2020-2022,,None,,,,,,N,N,N,Y,,
Williams2021,Williams,2021,The Use of Poetry in Horizon Zero Dawn,Popular Culture Review,2020-2022,,Horizon,,,,,,N,N,N,Y,,
Cox2022,Cox,2022,Sustainability in City-Building Games,Proceedings of DiGRA 2022,2020-2022,,None,,,,,,N,N,N,Y,,
King2022,King,2022,"The Voice Not from Rivia: Silence, Ecofeminism, and Their Limits in The Witcher Series",dissertation,2020-2022,,None,,,,,,N,N,N,Y,,
Rosa2022,Rosa,2022,Pokécrustacea: the crustacean-inspired Pokémon,Journal of Geek Studies,2020-2022,,Pokémon,,,,,,N,N,Y,Y,,
Seller2022,Seller,2022,Ugly Death: Rotting with the More-than-human in The Last of Us Part II (2020),Revenant: Critical and Creative Studies of the Supernatural,2020-2022,,LastOfUs,,,,,,N,N,N,Y,,
Smith2022,Smith,2022,Commentary: Colonialist Values in Animal Crossing and Their Implications for Conservation,Highlights of Sustainability,2020-2022,,AnimalCrossing,,,,,,N,N,N,Y,,
Zimmermann2022,Zimmermann,2022,Ethical Boredom in the Wilderness,Video Games and Spatiality in American Studies,2020-2022,,None,,,,,,N,N,N,Y,,
Farca2023,Farca,2023,Farming a Cosy Utopia: A Regenerative Escape to Simpler Times,Proceedings of DiGRA 2023,2023-2025,,None,,,,,,N,N,N,Y,,
Gómez-Martínez2023,Gómez-Martínez,2023,"Dark wings, bright insights: a comprehensive analysis of corvid species in Pokémon games",Journal of Geek Studies,2023-2025,,Pokémon,,,,,,N,N,Y,Y,,
Harrington2023,Harrington,2023,Modern Transcendentalist Vision: How Video Game Red Dead Redemption 2 World Builds Visions of America’s Environmental Past and Future,Humanities Core,2023-2025,,RDR2,,,,,,N,N,N,Y,,
HomoLudens2023,Homo Ludens,2023,Saving the Planet One Game at A Time,Proceedings of DiGRA 2023,2023-2025,,None,,,,,,N,N,N,Y,,
Kvist2023,Kvist,2023,A Crisis of the Imagination: Games as a Tool for Visualizing Potential Futures,dissertation,2023-2025,,None,,,,,,N,N,N,Y,,
Sena2023,Sena,2023,Designing Learning Activities in Minecraft for Formal Education in Geography,International Journal of Emerging Technologies in Learning (IJET),2023-2025,,Minecraft,,,,,,N,N,N,Y,,
Bianchi2024a,Bianchi,2024,A Field Guide to Monsters: Practices of Wildlife Watching in Video Games,Ecogames: Playful Perspectives on the Climate Crisis,2023-2025,,None,,,,,,N,N,N,Y,,
Breitling2024,Breitling,2024,Virtual Laboratories: Mesocosms and Gameworlds,Theory of Science,2023-2025,,None,,,,,,N,N,N,Y,,
Cheyne2024,Cheyne,2024,The power of gibbon songs: Going beyond the research to inform conservation actions,American Journal of Primatology,2023-2025,,None,,,,,,N,N,N,Y,,
Clayton2024,Clayton,2024,Virtual Nature and the Future of the Wild,The Heart of the Wild,2023-2025,,None,,,,,,N,N,N,Y,,
Faucher2024,Faucher,2024,Call Me Corvo: Reading Kinship in Dishonored Through the Lens of Moby-Dick,Video Games and Environmental Humanities: Playing to Save The World,2023-2025,,None,,,,,,N,N,N,Y,,
Fizek2024,Fizek,2024,Nature Playing: On the Experience of Contemplating Technologically Mediated Nature within the Game World of Riders Republic,Games and Culture,2023-2025,,None,,,,,,N,N,N,Y,,
Frelik2024,Frelik,2024,Green New Worlds? Ecology and Energy in Planetary Colonization Games,Ecogames: Playful Perspectives on the Climate Crisis,2023-2025,,None,,,,,,N,N,N,Y,,
May2024b,May,2024,Dark Entanglement and Visions of the Post-Anthropocene in Battlefield 2042,Journal of Games Criticism,2023-2025,,None,,,,,,N,N,N,Y,,
May2024d,May,2024,"Capitalocene Horizons: Producing, Exploiting and Mourning Nature in Animal Crossing: New Horizons",Proceedings of DiGRA 2024,2023-2025,,AnimalCrossing,,,,,,N,N,N,Y,,
Mejeur2024,Mejeur,2024,Burning Closets and Nights in the Woods: Queer Environments and Ecological Alliances in Video Games,"Regeneration: Environment, Art, Culture",2023-2025,,None,,,,,,N,N,N,Y,,
Milburn2024,Milburn,2024,Mutate or Die: Neo-Lamarckian Ecogames and Responsible Evolution,Ecogames: Playful Perspectives on the Climate Crisis,2023-2025,,None,,,,,,N,N,N,Y,,
Mukherjee2024,Mukherjee,2024,"No Cyclones in Age of Empires: Empire, Ecology, and Video Games",Ecogames: Playful Perspectives on the Climate Crisis,2023-2025,,None,,,,,,N,N,N,Y,,
SilvaAprile2024,Silva Aprile,2024,Gamificação como metodologia ativa no ensino sobre fungos: uma análise a partir das experiências em Baldur's Gate 3 e The Last of Us,A Bruxa,2023-2025,,LastOfUs,,,,,,N,N,Y,Y,,
