first_author,publication_year,title,publication
"Abbey",2021,"Self- Reliance in Fallout 4: Environmental Humanities in Serious Gaming","Resilience: A Journal of the Environmental Humanities"
"Abraham",2017,"Where are all the climate change games? Locating digital games’ response to climate change","Transformations"
"Alcott",2025,"GC Insights: The Anthro-Pokécene – environmental impacts echoed in the Pokémon world","Geoscience Communication"
"Amadori",2020,"Video Games for Environmental Communication: Raising Awareness through Sandbox Games and Streamers","Comunicazioni sociali"
"Bianchi",2024,"A Field Guide to Monsters: Practices of Wildlife Watching in Video Games","Ecogames: Playful Perspectives on the Climate Crisis"
"Caracciolo",2024,"Radical Digital Fishing: From Minigames to Bad Environmentalism","Proceedings of DiGRA 2024"
"Acorn",2009,"The Pokèmon Paradox","American Entomologist"
"Aghoro",2022,"On Postapocalyptic Frontiers in Horizon","Video Games and Spatiality in American Studies"
"Abraham",2022,"What Is an Ecological Game?","Digital Games After Climate Change"
"Anderton",2016,"Cyberbeasts: Substitution and Trivialization of the Non/Human Animal in Home Movies, Memes, and Video Games?","Screening the Nonhuman: Representations of Animal Others in the Media"
"Attebery",2015,"Coshaping Digital and Biological Animals: Companion Species Encounters and Biopower in the Video Games Pikmin and Pokémon","Humanimalia: a journal of human/animal interface studies"
"Attebery",2020,"Oil, Water, Lightning: Indigenous Posthumanism and Energy Futures in Elizabeth LaPensée's Thunderbird Strike","American Quarterly"
"Backe",2014,"Greenshifting Game Studies: Arguments for an Ecocritical Approach to Digital Games","First Person Scholar"
"Backe",2017,"Within the Mainstream: An Ecocritical Framework for Digital Game History","Ecozon@"
"Baerg",2024,"No Animals Were Harmed in the Playing of This Game: Hunting Ethics in Virtual Space","Society & Animals"
"Bainbridge",2014,"'It is a Pokémon world': The Pokémon franchise and the environment","International Journal of Cultural Studies"
"Buettel",2016,"Egress! How technophilia can reinforce biophilia to improve ecological restoration","Restoration Ecology"
"Baker",2017,"Civilization and Its Contents: Procedural Rhetoric, Nationalism, and Civilization V","dissertation"
"Barnes",2021,"Onkwehón:we play: Decolonizing videogame ecology and disrupting environmental racism","dissertation"
"Bartholomew",2017,"Using Pokéman GO to Teach Integrative STEM","Technology and Engineering Teacher"
"Barton",2022,"Creating Climate Conscious Players: Final Fantasy VII’s Ecoactivist Fan Communities","Przegląd Kulturoznawczy"
"Best",2023,"Digital Game Ecologies: Posthuman Convergences in Abzû and Horizon: Zero Dawn","Feminist Posthumanism in Contemporary Science Fiction Film and Media"
"Bianchi",2014,"Rhetoric and recapture: Theorising digital game ecologies through EA’s The Sims series","Green Letters: Studies in Ecocriticism"
"Bianchi",2018,"Simulated Species: The Question of the Animal in Digital Games","dissertation"
"Bianchi",2024,"Beyond Barren Wastelands: The Greening of the Post-apocalypse in Video Games","Journal of Games Criticism"
"Bianchi",2024,"Playing the Animal: Imagining the Nonhuman Animal in Two-Dimensional Action and Adventure Games","Animals and Science Fiction"
"Bledstein",2017,"Gaming Together: The Communal Journey in Upper One Games’ Never Alone","RoundTable: Roehampton Journal for Academic and Creative Writing"
"Blower",2023,"Ecological Outlaws: Slow Violence and Natural Encounter, from the Arcade Western to Rockstar's Digital Frontier","Red Dead Redemption: History, Myth, and Violence in the Video Game West"
"Bohunicky",2014,"Ecocomposition: Writing ecologies in digital games","Green Letters: Studies in Ecocriticism"
"Bohunicky",2017,"Ecomods: An Ecocritical Approach to Game Modification","Ecozon@"
"Boisvert-Bondu",2023,"Repenser la conscientisation aux enjeux écologiques dans l’industrie du jeu vidéo à partir de Freire","Sciences du jeu"
"Bonner",2018,"On Striated Wilderness and Prospect Pacing: Rural Open World Games as Liminal Spaces of the Man-Nature Dichotomy","Proceedings of DiGRA 2018"
"Breitling",2024,"Virtual Laboratories: Mesocosms and Gameworlds","Theory of Science"
"Burton",2023,"Vibrant Media Matter: Video Games, Social Media and Ecological Justice","dissertation"
"Butucea",2020,"Gaming as Everything. Challenging the Anthropocene through Nomadic Performativity","Nordic Threatre Studies"
"Caracciolo",2021,"Animal Mayhem Games and Nonhuman-Oriented Thinking","The international journal of computer game research"
"Caracciolo",2022,"Ecologies of Interactive Narrative","Contemporary Fiction and Climate Uncertainty: Narrating Unstable Futures"
"Carlin",2023,"Into the Not-So-Wild World of Pokémon","Edge Effects"
"Cash",2024,"“The Crystals’ Blessing”: Technogaianism and Skepticism in Final Fantasy and Stranger of Paradise","Video Games and Environmental Humanities: Playing to Save The World"
"Chang",2019,"Between Plants and Polygons: SpeedTrees and an Even Speedier History of Digital Morphogenesis","electronic book review"
"Chang",2019,"Playing Nature: Ecology in Video Games","Playing Nature: Ecology in Video Games"
"Chang",2020,"Rambunctious Games: A Manifesto for Environmental Game Design","Art Journal"
"Chang",2021,"Digital Games","The Cambridge Companion to Literature and the Anthropocene"
"Chang",2024,"Where the Model Ends","Configurations"
"Cheyne",2024,"The power of gibbon songs: Going beyond the research to inform conservation actions","American Journal of Primatology"
"Clary",2004,"Digital Nature: Uru and the Representation of Wilderness in Computer Games","Works and Days"
"Clayton",2024,"Virtual Nature and the Future of the Wild","The Heart of the Wild"
"Coelho",2016,"Pokémon GO: o resgate das brincadeiras de rua e os possíveis benefícios à popularização da biodiversidade","I Colóquio de Zoologia Cultural - Livro do Evento"
"Condis",2015,"""Live in Your World, Play in Ours"": Video Games, Critical Play, and the Environmental Humanities","Resilience: A Journal of the Environmental Humanities"
"Condis",2020,"Sorry, Wrong Apocalypse: Horizon Zero Dawn, Heaven’s Vault, and the Ecocritical Videogame","The international journal of computer game research"
"Costanza",2014,"Simulation games that integrate research, entertainment, and learning around ecosystem services","Ecosystem Services"
"Crowley",2024,"Playing farmer: At the intersections of neo-liberal capitalism and ecocriticism in Stardew Valley","Journal of Gaming & Virtual Worlds"
"Darnov",2020,"What Happens When Gamers Become (Digital) Geoengineers?","Edge Effects"
"Davis",2022,"An Overview of Environmental Themes in the Video Game Industry","The Geographical Bulletin"
"Deane",2021,"“Like harvest moon, except I ate a guy:” Graveyard Keeper’s Dark Ecology","Current Objectives of Postgraduate American Studies"
"Deckard",2023,"Extractive Gothic","The Edinburgh Companion to Globalgothic"
"Dorward",2016,"Pokémon Go: Benefits, Costs, and Lessons for the Conservation Movement","Conservation Letters"
"Freeman",2018,"Mediated Nature","Children, Nature and Cities: Rethinking the Connections"
"du Plessis",2018,"The becoming-flower of video games: a Deleuzoguattarian analysis of Thatgamecompany’s Flower (2009)","Image & Text"
"DuBose",2024,"Chernobylite: A Light in the Exclusion Zone","Video Games and Environmental Humanities: Playing to Save The World"
"Duckert",2024,"Climate Change Ethics in Harvestella: Weirding, Disquietude, Choice","Video Games and Environmental Humanities: Playing to Save The World"
"Duncan",2018,"Savage Beasts: The Spatial Conflict between Civilization and Nature in The Elder Scrolls V: Skyrim","First Person Scholar"
"Frelik",2024,"Green New Worlds? Ecology and Energy in Planetary Colonization Games","Ecogames: Playful Perspectives on the Climate Crisis"
"Dyer",2021,"“In You All Things”: Biblical Influences on Story, Gameplay, and Aesthetics in Guerrilla Games’ Horizon Zero Dawn","Journal for Interdisciplinary Biblical Studies"
"Echaroux",2023,"Emanuele Coccia: «Il faut que l’écologie embrasse l’esprit ludique propre au jeu vidéo»","Usbek & Rica"
"Eggertsson",2022,"Life as a Lynx: a Digital Animal Story","Squirrelling: Human-Animal Studies in the Nortthern-European Region"
"El Ghilali",2022,"The Emergent Aspect of Climate Change in Video Games: A Historical Review","International Conference on Interfaces and Human Computer Interaction"
"England",2016,"Sustainable Worlds, Sustainable Words: Using Digital Games to Develop Environmental Awareness in Writing Classrooms","Reflections"
"Falkenhayner",2021,"Futurity as an Effect of Playing Horizon: Zero Dawn (2017)","Humanities"
"Farca",2018,"The Last of Us and the Journey to Nature","Playing Dystopia: Nightmarish Worlds in Video Games and the Player's Aesthetic Response"
"Farca",2019,"The Concept of Utopia in Digital Games","Playing Utopia: Futures in Digital Games"
"Farca",2023,"Farming a Cosy Utopia: A Regenerative Escape to Simpler Times","Proceedings of DiGRA 2023"
"Freye",2023,"Ecocritical Agency in I Was a Teenage Exocolonist","Games and Culture"
"Faucher",2024,"Call Me Corvo: Reading Kinship in Dishonored Through the Lens of Moby-Dick","Video Games and Environmental Humanities: Playing to Save The World"
"Felczak",2020,"Ludic guilt, paidian joy: Killing and ecocriticism in the theHunter series","Journal of Gaming & Virtual Worlds"
"Fernández-Caro",2019,"Post-Apocalyptic Nonhuman Characters in Horizon: Zero Dawn: Animal Machines, Posthumans, and AI-Based Deities","Journal of Science Fiction"
"Fishman",2024,"Online Games Can Deepen Our Attention to Ecology: Some of the best conservation tools embrace the desire to play","Sierra"
"Fletcher",2017,"Gaming conservation: Nature 2.0 confronts nature-deficit disorder","Geoforum"
"Fox",2024,"“The Face of Extinction”: On Haunted Futures with Machine-Animals","Animals and Science Fiction"
"Harwood",2022,"The digital brush paints a flourishing world: enacting religion and aesthetic traditions in Ōkami","Journal of Contemporary Religion"
"Galloway",2022,"Decolonizing Game Audio and Approaching Sound in Digital Storytelling","Sonic Identities at the Margins"
"Galloway",2024,"Indigenous-Designed Pixels, Circuits, and Game Music and Sound","The Oxford Handbook of Video Game Music and Sound"
"Galloway",2024,"Sounds of Extraction and Collection and Listening to the Pixelated Resources of Stardew Valley and Animal Crossing","Music and Sonic Environments in Video Games: Listening to and Performing Ludic Soundscapes"
"García-Cardona",2022,"La isla como paraíso y el impacto turístico en las islas Baleares: Un estudio a través de la crónica novelada Balearia y del videojuego Alba: A Wildlife Adventure","VISUAL REVIEW: International Visual Culture Review"
"Gericke",2021,"The rise of the wildlife gamer: How game experiences can influence the future of conservation interest","The rise of the wildlife gamer: How game experiences can influence the future of conservation interest"
"Liu",2016,"Pokémon Go能促成新物种的发现？","Science World"
"Gonzales",2025,"Overlapping Expectations: Studying the Genre Relationship of Open-World and Ecocritical Genres","Interactive Storytelling"
"Green",2016,"The Reconstruction of Morality and the Evolution of Naturalism in The Last of Us","Games and Culture"
"Green",2018,"""Here You Are at Last, in a Ruined and Drowning World"": The Dishonored Series as Environmental and Social Commentary","Popular Culture Review"
"Green",2021,"Longing, Ruin, and Connection in Hideo Kojima’s Death Stranding","Longing, Ruin, and Connection in Hideo Kojima’s Death Stranding"
"Guanio-Uluru",2021,"Embodying Environmental Relationship: A Comparative Ecocritical Analysis of Journey and Unravel","Ecozon@"
"Güman",2022,"The Biopolitics of the Colossus","Journal of Arteoloji"
"Harrington",2023,"Modern Transcendentalist Vision: How Video Game Red Dead Redemption 2 World Builds Visions of America’s Environmental Past and Future","Humanities Core"
"Harrison",2024,"Sound and zoonotic spillover: listening to Animal Crossing: New Horizons through the Covid-19 pandemic","Sound Studies: An Interdisciplinary Journal"
"Hartner",2024,"Playing (with) the Post-Apocalypse: Nature, Ruins, and American Retrotopia in The Last of Us (2013)","Anglistik: International Journal of English Studies"
"Hawley",2022,"Young Explorers in Virtual Ecosystems: Environmental Empathy in Animated and Digital Worlds","Environmental Communication for Children: Media, Young Audiences, and the More-Than-Human World"
"Heijmen",2023,"It's Not Always About You: The Subject and Ecological Entanglement in Video Games","Games and Culture"
"Heise",2022,"Grand Theft Eco","Resilience: A Journal of the Environmental Humanities"
"Ho",2024,"Should Animal Crossing be environmentally conscious?","AI & Society"
"Hobin",2019,"Animal Eyes: Meeting the Look of the Video Game Animal","Public"
"Homo Ludens",2023,"Saving the Planet One Game at A Time","Proceedings of DiGRA 2023"
"Hood",2022,"Developing an ecocentric mind-set through exploration and role-play within online virtual worlds","The Ecological Citizen: Confronting human supremacy"
"Hoshina",2012,"Cultural Coleopterology in Modern Japan: The Rhinoceros Beetle in Akihabara Culture","American Entomologist"
"Imbierowicz",2023,"Humanist Delusion in Games","Proceedings of DiGRA 2023"
"Lohne",2020,"Never Alone: A study of articulations of indigenous religion in the video game","dissertation"
"Jansen",2019,"The Environment at Play: Confronting Nature in The Elder Scrolls V: Skyrim and the “Frostfall” Ecomod","Press Start"
"Jørgensen",2022,"Walking and Worlding: Trails as Storylines in Video Games","Pathways: Exploring the Routes of a Movement Heritage"
"Joyce",2024,"Horizon Zero Dawn as Genre-Medium Coevolution","End-Game: Apocalyptic Video Games, Contemporary Society, and Digital Media Culture"
"Kaplan",2008,"Green Reading, Green Gaming: The Future of Ecocriticsm, Storytelling, and Environmental Ethics in Virtual Worlds","Meaningful Play 2008"
"Kaplan",2010,"Greening the Gamescape: How Virtual Game Worlds Can Reflect Real-World Environmental Values","dissertation"
"Kawahara",2007,"Thirty-foot telescoping nets, bug collecting video games, and beetle pests: Entomology in modern Japan","American Entomologist"
"Kinder",2021,"Gaming Extractivism: Indigenous Resurgence, Unjust Infrastructures, and the Politics of Play in Elizabeth LaPensee's Thunderbird Strike","Canadian Journal of Communication"
"King",2022,"The Voice Not from Rivia: Silence, Ecofeminism, and Their Limits in The Witcher Series","dissertation"
"Long",2021,"The gathering storm of progress","Science Fiction Film and Television"
"Kumral",2024,"Adapt and Die: Ecocriticism and the Lovecraftian Sublime in Rainworld, Outer Wilds, Frostpunk, and Factorio","dissertation"
"Laato",2021,"Central Themes of the Pokémon Franchise and why they Appeal to Humans","Proceedings of the 54th Hawaii International Conference on System Sciences"
"LaPensée",2018,"Thunderbird Strike: Survivance in/of an Indie Indigenous Game","Video Game Art Reader: Volume 2"
"Lee",2024,"What Could Be Worse Than Death? Untangling Entangled Existence in The Last of Us (2013)","The Neutral: Graduate Journal of Cinema and Media Studies"
"Lehner",2017,"Videogames as Cultural Ecology: Flower and Shadow of the Colossus","Ecozon@"
"Lehner",2018,"A Short Theory of Ecocritical Metagames: Shadow of the Colossus and Everything","Paidia - Journal for Computer Game Research"
"Lemonnier",2015,"Écofiction au sein de l'univers Pokémon: des observations aux applications serious d'un jeu vidéo","Jeunes et Médias, Les Cahiers francophones de l''éducation aux médias-n° 7-été 2015: Les jeux vidéo: détournements, usages créatifs et enjeux pédagogiques"
"Lin",2020,"Motivating Learning by Playing Animal Crossing New Horizons: A Trending Game during the COVID-19 Pandemic","eLearn Magazine"
"Nelson",2016,"Colliders with Context: Trees in First Person Shooter Computer Games","The Philosophy of Computer Games Conference, Malta 2016"
"Loring",2023,"""Uncanny, Monstrous, and Sublime"": ecoGothic Transformations in Horror Video Games","Aeternum: The Journal of Contemporary Gothic Studies"
"Loring",2024,"Redefining the Monstrous-Feminine: Applying a Postfeminist (Eco) Gothic Reading to Horror Video Games","dissertation"
"Loydell",2022,"The Non-Human: Agency, Play and the Anthropocene","dissertation"
"Lund",2019,"Birding Like It’s 1899: Inside a Blockbuster American West Video Game","Audubon"
"Lupton",2017,"Pokémon in the Midst: Collecting and Using Data from within the Pokémon GO Ecosystem to Facilitate Ecology and Wildlife Biology Education","The American Biology Teacher"
"Marchal",2023,"An Environmentalists' Economy: Why Positive Game Economies Appeal to the Modern Gamer","North Texas Journal of Undergraduate Research"
"Newman",2019,"Fungal Zombies and Tentacular Thinking: The Cthonic Mother in the Game The Last of Us","Studies in the Fantastic"
"Marín-Rubio",2023,"El videojuego como herramienta en el método utópico para entrenar la imaginación crítica","dissertation"
"Marqués",2018,"Ecological Videogames as a Means to Raise Environmental Awareness","Proceedings of 1st International Conference on Transdisciplinary Studies in Arts, Technology and Society, ARTeFACTo 2018"
"Martin",2024,"Playing to Understand the Environment: From Superficial Skins to Truly Ecological Gameplays","Video Games and Environmental Humanities: Playing to Save The World"
"May",2021,"Confronting Ecological Monstrosity: Contemporary Video Game Monsters and the Climate Crisis","M/C Journal"
"May",2024,"Apocalypse as practice: Labour, technology and environment in Death Stranding","Journal of Gaming & Virtual Worlds"
"May",2024,"Dark Entanglement and Visions of the Post-Anthropocene in Battlefield 2042","Journal of Games Criticism"
"May",2024,"Undead Ecosystems: Death Stranding and the Contemporary Video-Game Zombie","End-Game: Apocalyptic Video Games, Contemporary Society, and Digital Media Culture"
"Mckeown",2018,"Videogame Ecologies: Interaction, Aesthetics, Affect","dissertation"
"McKinney",2015,"Trouble in paradise: Viva Piñata, charismatic megafauna and the sour side of gaming with animals","Journal of Gaming & Virtual Worlds"
"Medrala",2020,"By Your Powers Combined: Heroic Solutions To Climate Catastrophes In The Fifth Season, Avengers: Infinity War, And Horizon: Zero Dawn","dissertation"
"Mejeur",2024,"Burning Closets and Nights in the Woods: Queer Environments and Ecological Alliances in Video Games","Regeneration: Environment, Art, Culture"
"Meloche",2017,"Playing in the Digital Qargi: Iñupiat Gaming and Isuma in Kisima Inŋitchuŋa","Transmotion"
"Milburn",2016,"“THERE AIN’T NO GETTIN’ OFFA THIS TRAIN”: Final Fantasy VII and the Pwning of Environmental Crisis","Sustainable Media: Critical Approaches to Media and Environment"
"Milburn",2024,"Mutate or Die: Neo-Lamarckian Ecogames and Responsible Evolution","Ecogames: Playful Perspectives on the Climate Crisis"
"Milesi",2022,"Posthumanism and Digital Gaming","Palgrave Handbook of Critical Posthumanism"
"Miner",2022,"Critical Protocols in Indigenous Gamespace","Games and Culture"
"Minnen",2025,"Dangerous Collection: The Decolonization of Victorian Botany in Strange Horticulture","unpublished"
"Molloy",2011,"Hunted: Recreational Killing","Popular Media and Animals"
"Moore",2024,"Auroral Heliotropes of the Anthropocene and Wandering the “Quiet Apocalypse” of The Long Dark (2017)","Video Games and Environmental Humanities: Playing to Save The World"
"Morey",2020,"Hyperanimals: Inverting Nature Through Pokémon Go","ISLE: Interdisciplinary Studies in Literature and Environment"
"Nijtmans",2022,"The Inevitable Fate of the “Dragonborn:” Selling Player Agency in The Elder Scrolls","Video Games and Spatiality in American Studies"
"Murray",2024,"Postcoloniality, Ecocriticism and Lessons from the Playable Landscape","Ecogames: Playful Perspectives on the Climate Crisis"
"Morrow",2024,"Wilderness Ecologies in Red Dead Redemption 2 and Horizon Zero Dawn","Video Games and Environmental Humanities: Playing to Save The World"
"Mukherjee",2024,"No Cyclones in Age of Empires: Empire, Ecology, and Video Games","Ecogames: Playful Perspectives on the Climate Crisis"
"Nae",2020,"Beyond Cultural Identity: A Critique of Horizon: Zero Dawn as an Entrepreneurial Ecosystem Simulator","Postmodern Openings"
"Navarro-Remesal",2017,"Videojuego y Ecología: Nuevas formas deconcienciación","Presura"
"Navarro-Remesal",2024,"Healing a Life out of Balance: Slowness and Ecosophy in Death Stranding","Ecogames: Playful Perspectives on the Climate Crisis"
"O'Krent",2021,"Welcome to the Field: Cultural Capital for Videogames and the Ecofeminist Position-Taking of Horizon Zero Dawn","Journal of World Literature"
"op de Beke",2021,"Pastoral Videogames: Industry, Entropy, Elegy","Ecocene: Cappadocia Journal of Environmental Humanities"
"op de Beke",2022,"Griefing the Climate Apocalypse in Eco","First Person Scholar"
"op de Beke",2024,"Ecogames: An Introduction","Ecogames: Playful Perspectives on the Climate Crisis"
"Opel",2004,"Zootycoon: Capitalism, Nature, and the Pursuit of Happiness","Ethics & the Environment"
"Özgü",2024,"From Arthurian Narratives to MMORPGs: Towards an Ethics of Virtual Ecologies","folklor/edebiyat"
"Parham",2015,"Green Computer Games: To Play is to Inhabit","Green media and popular culture: an introduction"
"Patterson",2019,"Playing for the Planet: How video games can deliver for people and the environment","Playing for the Planet: How video games can deliver for people and the environment"
"Pérez-Latorre",2019,"Post-apocalyptic Games, Heroism and the Great Recession","The international journal of computer game research"
"Piano",2024,"Greening Vvanderfell. An Ecocritical Retrospective on The Elder Scrolls III: Morrowind","Proceedings of DiGRA 2024"
"Pinder",2024,"Monstrous Gatekeepers – Eco-gothic Bodies in Video Games","Monsters and Monstrosity in Media: Reflections on Vulnerability"
"Poole",2020,"""Eco this and recycle that"": an ecolinguistic analysis of a popular digital simulation game","Critical Discourse Studies"
"Pratama",2021,"Mono-no-Aware Game Design Aesthetic for Ecological Empathy: The Case of “Ghost of Tsushima” the Video Game","3rd International Conference on Biospheric Harmony Advanced Research (ICOBAR) 2021"
"Pratique",2016,"De la nature dans le jeu vidéo, esthétiques environnementales","dissertation"
"Quirk",2021,"Island Time in Lockdown: Animal Crossing: New Horizons’ Slow Culture and Its Shinto Source","Journal of Religion, Media and Digital Culture"
"Rivera-Dundas",2017,"Ecocritical Engagement in a Pixelated World","Ecozon@"
"Ross",2024,"Using Video Games and Play to Tell Climate Stories","Communicating Climate: How to Transmit Your Climate Message and Avoid Greenwashing"
"Ruffino",2024,"Videogames, the Anthropocene, and Other Problems of Scale: Methodological Notes for the Study of Digital Games in Times of Ecological Crisis","Journal of Games Criticism"
"Salvador",2017,"The Unexplored Potential of Video Games for Animal Conservation","Tentacle"
"Salvador",2023,"An unexpected bird in Honkai: Star Rail and China’s war on sparrows","Journal of Geek Studies"
"Sandbrook",2015,"Digital Games and Biodiversity Conservation","Conservation Letters"
"Santry",2019,"Pokémon and the Environment","The Augmented Reality of Pokémon Go: Chronotopes, Moral Panic, and Other Complexities"
"Sawers",2010,"All the animals are gone? The politics of contemporary hunter arcade games","Continuum: Journal of Media & Cultural Studies"
"Silva",2023,"Narratives of environmental crisis in Chrono Cross: settler colonialism, inter-species conflicts, and environmental injustice","preprint"
"Seller",2022,"Ugly Death: Rotting with the More-than-human in The Last of Us Part II (2020)","Revenant: Critical and Creative Studies of the Supernatural"
"Seller",2023,"Boring Lizards: Ludic Management, Affect and Ambivalence","Cinergie: Il Cinema E Le Altre Arti"
"Seller",2024,"Hiding (in) the Tall Grass: Rethinking Background Assets in Video Game Plantscapes","Ecogames: Playful Perspectives on the Climate Crisis"
"Sellers",2019,"Pixelated Frontiers: Videogames and the Sublimation of Nature","dissertation"
"Seranda",2021,"The Obligatory Underwater Level: Posthuman Genealogy of Amphibian Human in Media","Corpus Mundi"
"Shah",2022,"Using the Metaverse to Connect and Protect the Natural World","Stanford Social Innovation Review"
"Silk",2021,"The implications of digital visual media for human-nature relationships","People and Nature"
"Silva Aprile",2024,"Gamificação como metodologia ativa no ensino sobre fungos: uma análise a partir das experiências em Baldur's Gate 3 e The Last of Us","A Bruxa"
"Sindelar",2021,"From petishism to rewilding: Representations of wildlife in interactive media","Journal of Environmental Media"
"Smith",2017,"Resources, Scenarios, Agency: Environmental Computer Games","Ecozon@"
"Smith",2022,"Commentary: Colonialist Values in Animal Crossing and Their Implications for Conservation","Highlights of Sustainability"
"Stokes",2024,"Ecological Precarity and Techno-Utopianism in the Soundscapes of The Legend of Zelda: Breath of the Wild","Music and Sonic Environments in Video Games: Listening to and Performing Ludic Soundscapes"
"Stumpo",2008,"E-cology: Everquest and the Environment(s)","Interdisciplinary Studies in Literature and Environment"
"Emmerich",2024,"Playing for a Better Future: How Animal Avatars Influence the Attitude of Players","Proceedings of the ACM on Human-Computer Interaction"
"Swanstrom",2016,"Animal, Vegetable, Digital: Experiments in New Media Aesthetics and Environmental Poetics","Animal, Vegetable, Digital: Experiments in New Media Aesthetics and Environmental Poetics"
"Sykes",2017,"‘Those Chosen by the Planet’: Final Fantasy VII and Earth Jurisprudence","International Journal for the Semiotics of Law"
"Thibault",2022,"Forests in Digital Games-An Ecocritical Framework","FDG '22: Proceedings of the 17th International Conference on the Foundations of Digital Games"
"Torres",2024,"Animal Agency. Colapso, encuadres morales e incomunicabilidad en el videojuego ecológico","Hipertext.net"
"Tregonning",2021,"Balancing Act: Playing Video Game Ecologies","Performance of the Real"
"Ulman",2001,"Beyond Nature/Writing: Virtual Landscapes Online, in Print, and in ‘Real Life.’","Beyond nature writing: expanding the boundaries of ecocriticism"
"UNEP",2020,"Playing for the Planet Annual Impact Report 2020","Playing for the Planet Annual Impact Report 2020"
"UNEP",2022,"Playing for the Planet Annual Impact Report 2021","Playing for the Planet Annual Impact Report 2021"
"UNEP",2024,"Playing for the Planet Annual Impact Report 2023","Playing for the Planet Annual Impact Report 2023"
"Miranda",2022,"Educação ambiental e engajamento do jogador em “Alba: A Wild Adventure”","Extended Proceedings of the XXI Brazilian Symposium on Games and Digital Entertainment"
"van As",2022,"Environmental ethics in video games: How video games Equilinox and Everything embody the transition from an anthropocentric to an ecological worldview","dissertation"
"van Ooijen",2018,"The Killability of Fish in The Sims 3: Pets and Stardew Valley","The Computer Games Journal"
"van Ooijen",2019,"Hunting, Killing, Crafting: On the Use of Animals in Open World Games","Human IT"
"Vasso",2018,"An environmental critique of American post-apocalypse narratives: Ecocriticism and ethics","dissertation"
"Vella",2013,"The Wanderer in the Wilderness: Being in the virtual landscape in Minecraft and Proteus","The Philosophy of Computer Games Conference"
"Ventomäki",2022,"Representation of nature in Red Dead Redemption 2","dissertation"
"Endreß",2022,"Pokémon GO and Landscape","The Social Construction of Landscapes in Games"
"Wallin",2022,"Game Preserves: Digital Animals at the Brink of the Post-Anthropocene","Green Letters: Studies in Ecocriticism"
"Wander",2021,"Nature Versus Player: Skyrim Players and Modders as Ecological Force","Being Dragonborn: Critical Essays on The Elder Scrolls V: Skyrim"
"Weagly",2013,"Dirt, not soil: A unit analysis of ""Minecraft"" dirt blocks and gameworld representations of global environmental ideologies","dissertation"
"Werning",2024,"Remediating Green Practices: Landscape Photography and Nature Documentary Filmmaking in Video Games","Ecogames: Playful Perspectives on the Climate Crisis"
"Whittle",2022,"The Environmental Game Design Playbook","The Environmental Game Design Playbook"
"Wibowo",2025,"Documentary Film Video Games as a Learning Medium to Increase Awareness of Climate Change","Visual Heritage: Jurnal Kreasi Seni dan Budaya"
"Wilde",2024,"Posthumanist, post-apocalyptic, and post-anthropocentric possibilities: Kantian morals and posthuman ethics in My Friend is a Raven","Journal of Games Criticism"
"Williams",2021,"The Use of Poetry in Horizon Zero Dawn","Popular Culture Review"
"Williams",2025,"Horizon's Anthropocene: Conservation Psychology and Environmentalism","Broadening Horizon: Essays on Environment, Culture, Identity and Myth in the Game Franchise"
"Wills",2002,"Digital Dinosaurs and Artificial Life: Exploring the Culture of Nature in Computer and Video Games","Cultural Values"
"Wood",2021,"Green Games Guide: An action plan for the sector","Green Games Guide: An action plan for the sector"
"Woolbright",2015,"Where the wild games are: Ecologies in Latin American video games","Ecomedia: Key Issues"
"Woolbright",2018,"Ecofeminism and Gaia Theory in Horizon Zero Dawn","Trace: A Journal of Writing, Media, and Ecology"
"Woolbright",2024,"Giving Pandemic a Face: Ecophobia in A Plague Tale: Innocence","End-Game: Apocalyptic Video Games, Contemporary Society, and Digital Media Culture"
"Youngblood",2018,"The Endless End of the World: Queering the Eco-Apocalyptic Narrative of Final Fantasy VI","Trace: A Journal of Writing, Media, and Ecology"
"Youngblood",2024,"""Have You Ever Heard a Worm Sing?"": The Spectral Ecology of Kentucky Route Zero, Act V","Ecogames: Playful Perspectives on the Climate Crisis"
"Zhang",2010,"电子游戏在促进自然观察智能发展方面的作用","中小学电教: 综合"
"Zimmermann",2022,"Ethical Boredom in the Wilderness","Video Games and Spatiality in American Studies"
"Schmidt",2020,"The Garden of Humanity: The Manifestation of Hope in (Post) Apocalyptic Video Games","dissertation"
"Amadori",2023,"Gaming for Ecological Activism: A Multidimensional Model for Networks Articulated Through Video Games","Games and Culture"
"Andrade",2024,"Paisagem Virtual e os Green Game Jam no Enfrentamento à Crise Ambiental","LICERE - Revista Do Programa De Pós-graduação Interdisciplinar Em Estudos Do Lazer"
"Backe",2024,"Between the Lines: Using Differential Game Analysis to Develop Environmental Thinking","Ecogames: Playful Perspectives on the Climate Crisis"
"Baer",2022,"Virtually (Re)Constructed Reality: The Representation of Physical Space in Commercial Location-Based Games","25th International Academic Mindtrek conference (Academic Mindtrek 2022), November 16–18, 2022, Tampere, Finland"
"Bainbridge",2010,"Virtual Nature: Environmentalism in Two Multi-player Online Games","Journal for the Study of Religion, Nature and Culture"
"Balmford",2002,"Why Conservationists Should Heed Pokémon","Science"
"Borra",2024,"Exploring Uncharted Territory in an Adventure-Diving Game: A Framing Analysis of Subnautica’s Ecological Dead Zone, the Surrounding Online Player Discussions and User-generated Content","dissertation"
"Carral-Murrieta",2023,"From reality to fiction: cnidarians that inspire the Pokémon world","Journal of Geek Studies"
"Cavallari",2015,"Shells and bytes: mollusks in the 16-bit era","Journal of Geek Studies"
"Cook",2024,"The Sonic Environments of Medieval(ist) Games","Music and Sonic Environments in Video Games: Listening to and Performing Ludic Soundscapes"
"Coroller",2023,"Video games as a tool for ecological learning: the case of Animal Crossing","Ecosphere"
"Crowley",2021,"The educational value of virtual ecologies in Red Dead Redemption 2","People and Nature"
"Daiiani",2024,"Eco-Game Design Lessons for Climate Communication: Augmenting Players’ Environmentalism","2024 IEEE Conference on Games"
"Daiiani",2024,"Evaluating the Impact of Gameful Design on Pro-Environmental Attitudes: Beyond Blue as Intervention","Proceedings of the 19th International Conference on the Foundations of Digital Games (FDG 2024)"
"de Haan",2017,"Romantic Dissonance: (the Limits to) Wandering through Nature in Open World Role-Playing Videogames","dissertation"
"de Lima Alexandre",2016,"Os moluscos presentes em Pokémon","I Colóquio de Zoologia Cultural - Livro do Evento"
"de Oliveira Henrique",2019,"Contribuições da Franquia Pokemón Para o Ensino de Biologia","Pleiades: Literature in Context"
"Deslis",2019,"Using a Non-educational Mobile Game for Learning in Biology, Geography and Mathematics: Pokémon Go as a Case Study","International Conference on Technology and Innovation in Learning, Teaching and Education"
"Drage",2024,"Euarthropod diversity in Pokémon: searching for the ancestral type","Journal of Geek Studies"
"Drago",2016,"Répteis e anfíbios como inspiração para os 151 primeiros Pokémon","I Colóquio de Zoologia Cultural - Livro do Evento"
"Dunn",2021,"Stepping into the Wildeverse: Evaluating the impact of augmented reality mobile gaming on pro-conservation behaviours","People and Nature"
"England",2016,"Playing with the environment: Rhetorical representations of nature and sustainability in digital game spaces","dissertation"
"Escaravajal-Rodríguez",2018,"Pokémon GO i la seva influència en usuaris espanyols de Facebook","Apunts. Educació Fisica I Esports"
"Feng",2024,"How Game Ecology Drives Player Choices in Strategy Video Games: An Environmental Determinism Perspective","Simulation & Gaming"
"Fisher",2021,"Could Nintendo’s Animal Crossing be a tool for conservation messaging?","People and Nature"
"Fisher",2025,"Minecraft, Mangroves, and Dialogic Potential: An Analysis of Video Game Live Streaming and its Implications for Public Relations Research","dissertation"
"Fizek",2023,"Greening Games Education: A Report on Teaching and Researching Environmental Sustainability in the Context of Video Games","Greening Games Education: A Report on Teaching and Researching Environmental Sustainability in the Context of Video Games"
"Fizek",2024,"Nature Playing: On the Experience of Contemplating Technologically Mediated Nature within the Game World of Riders Republic","Games and Culture"
"Fraile-Jurado",2023,"Geographical Aspects of Open-World Video Games","Games and Culture"
"Fraile-Jurado",2024,"Toward Realism: An Analysis of Coastal Environments in Open-World Video Games","Simulation & Gaming"
"Gabrielaitis",2024,"“Beavers don’t walk on roads”: Beaver-play for more-than-human cartographies","Proceedings of the 8th International GamiFIN Conference"
"Galloway",2020,"Soundwalking and the Aurality of Stardew Valley: An Ethnography of Listening to and Interacting with Environmental Game Audio","Music in the Role-Playing Game: Heroes & Harmonies"
"Galloway",2023,"So You’re Going on a “Short” Hike? Sensory Awareness and Listening to Ecoregions in A Short Hike","Music and the Moving Image"
"Gislam",2023,"The Effect of the Non-Human on the Generation of Narrative and Space in Digital Games","dissertation"
"Gómez-Martínez",2023,"Dark wings, bright insights: a comprehensive analysis of corvid species in Pokémon games","Journal of Geek Studies"
"Goulart",2019,"Os fungos em Pokémon","Revista Multidisciplinar de Estudos Nerds/Geek"
"Goulart",2020,"As plantas carnívoras e cactos Caryophyllales em Pokémon um olhar a partir da Botânica Cultural","A Bruxa"
"Gusland",2021,"Video Games and Sustainability Transformations: Exploring the Potential for Empowered Subjectivities through Virtual Experience A Qualitative Case Study of Eco","dissertation"
"Haske",2016,"Exploring the hidden depths of ‘Abzû: Matt Nava talks the environmental, and mythological, soul of Giant Squid’s breathtaking undersea debut","Inverse"
"Haugom",2019,"When Ludology and Narratology Meet: A Comparative Analysis of an Ecofictional Video Game and an Ecofictional Book","dissertation"
"Ho",2022,"Good ethics cannot stop me from exploiting: The good and bad of anthropocentric attitudes in a game environment","Ambio"
"Ho",2022,"Virtual tree, real impact: how simulated worlds associate with the perception of limited resources","Humanities & Social Sciences Communications"
"Hobbs",2019,"Science Hunters: Teaching Science Concepts in Schools Using Minecraft","ARISE – The Journal of Action Research and Innovation in Science Education"
"Hobbs",2020,"Exploring Coral Reef Conservation in ""Minecraft""","Primary Science"
"Horsten",2022,"What did I just learn?: How commercial video games could underhandedly teach players environmental sustainability","dissertation"
"Hubertová",2021,"Reflection on Environmental Issues in Mainstream Video Games: Asking Players","dissertation"
"Jayaraman",2023,"Design Principles to Foster Respect for Nature in Video Games","dissertation"
"Jepson",2015,"Nature apps: Waiting for the revolution","Ambio"
"Jolly",2023,"Assessing the Extent to Which Players Can Build Sustainable Cities in the Digital City-Builder Game “Cities: Skylines”","Sustainability"
"Kittel",2018,"The entomological diversity of Pokémon","Journal of Geek Studies"
"Kordyaka",2024,"Exploring the association between engagement with location-based game features and geting inspired about environmental issues and nature","Proceedings of the CHI Conference on Human Factors in Computing Systems"
"Laato",2023,"How Location-Based Games Incentivize Moving About: A Study in the Context of Nature-Going","Proceedings of the ACM on Human-Computer Interaction"
"Korhonen",2021,"A Final Fantasy of eco-lifestyle - A case study of environmental agency in two video games","dissertation"
"Kurniawan",2023,"Promoting Ecological Awareness in Metal Gear Solid V: Social Semiotic Approach","Language Literacy: Journal of Linguistics, Literature, and Language Teaching"
"Kvist",2023,"A Crisis of the Imagination: Games as a Tool for Visualizing Potential Futures","dissertation"
"Laato",2022,"Balancing the Augmented Experience: Design Tensions in the Location-Based Game Pikmin Bloom","CHI Conference on Human Factors in Computing Systems Extended Abstracts (CHI ’22 Extended Abstracts), April 29-May 5, 2022"
"Laato",2022,"Gamification of forest-going: Opportunities for players, landowners and the forest industry","Proceedings of the 6th International GamiFIN Conference"
"Laato",2023,"How location-based gaming affects players' nature and forest experiences","Proceedings of the 56th Hawaii International Conference on System Sciences"
"Laato",2024,"Gamification of walking in nature: A field experiment with Pokémon GO Routes","Proceedings of the ACM on Human-Computer Interaction"
"Larreina‑Morales",2023,"Video games for environmental awareness: the accessibility gap","Universal Access in the Information Society"
"Law",2024,"Digital creativity and ecolinguistics: An analysis of Final Fantasy VII Remake Intergrade","Journal of Language and Pop Culture"
"Le Vaillant",2020,"What’s your favourite Pokémon? Pocket monster popularity reflects interest in real-world Biology","Journal of Geek Studies"
"Meyers",2012,"“Green Washing” the Digital Playground: How Virtual Worlds Support Ecological Intelligence…or Do They?","Proceedings of the 2012 iConference"
"Li",2021,"Urban Green Space Analysis on UBC Vancouver Campus: Integrating virtual gaming technology to map cultural use and biodiversity value of urban green space","dissertation"
"Lu",2023,"Blooming Engagement in Flower: Computational Analysis of Player Experience on Steam","Proceedings of the 54th Conference of the International Simulation and Gaming Association"
"Lu",2023,"Human-Environment Relationships in Alba: A Typological Analysis of Player Engagement in Steam Reviews","Proceedings of DiGRA 2023"
"Marinho",2021,"Floral gigantism in the Pokémon world","Journal of Geek Studies"
"May",2023,"From Aesthetics to Asymmetry: Contradictions of Ecological Play in Cities: Skylines","Games and Culture"
"May",2024,"Capitalocene Horizons: Producing, Exploiting and Mourning Nature in Animal Crossing: New Horizons","Proceedings of DiGRA 2024"
"Mendes",2017,"The ichthyological diversity of Pokémon","Journal of Geek Studies"
"Mendes",2018,"Nishikigoi Jump: padrões de cores do Pokémon Magikarp e sua relação com as variedades de carpas koi","A Bruxa"
"Mensah-Bonsu",2022,"Green Game Jam Player Survey 2022: First steps to understanding our audiences","Green Game Jam Player Survey 2022: First steps to understanding our audiences"
"Graça",2020,"Poké-aves: a diversidade ornitológica como referência para a franquia Pokémon","A Bruxa"
"Morawski",2023,"Gaming & Geography (Education): A Model of Reflexive Analysis of Space & Action in Video Games","European Journal of Geography"
"Möring",2024,"Climate-Game-Worlds: A Media-Aesthetic Look at the Depiction and Function of Climate in Computer Games","Ecogames: Playful Perspectives on the Climate Crisis"
"Ng",2024,"Uses and Gratifications of Biophilic Simulation Games","Games and Culture"
"none",2020,"Beyond Blue: a game backed by real science","Journal of Geek Studies"
"Öhman",2016,"Outdoor recreation in exergames: a new step in the detachment from nature?","Journal of Advenure Education and Outdoor Learning"
"Patout",2023,"L’influence du rapport à l’écologie sur la pratique ludique des joueur·euses de jeux vidéo : étude de cas au sein du jeu Eco","dissertation"
"Prado",2017,"Arthropod diversity in Pokémon","Journal of Geek Studies"
"Rago",2024,"Digital Pastoralism: Comparing Japanese and U.S. Notions of Pastoral in Videogames","dissertation"
"Rangel",2020,"Diversidade de aves marinhas em Pokémon uma ferramenta de educação ambiental e conservação","A Bruxa"
"Rangel",2024,"Pokémon as a playful and didactic tool for teaching about ecological interactions","Journal of Biological Education"
"Reed",2025,"Young people's networked constructions of nature: Evidence from a qualitative multiple case study in the United Kingdom","People and Nature"
"Rogers",2018,"Into the Wilds: Influences from Video Games on Our Perception of 'Nature'","dissertation"
"Roncken",2023,"How Players Interact with Sustainability in Eco","dissertation"
"Rosa",2022,"Pokécrustacea: the crustacean-inspired Pokémon","Journal of Geek Studies"
"Saaty",2021,"A Study on Pokémon GO: Exploring the Potential of Location-based Mobile Exergames in Connecting Players with Nature","Extended Abstracts of the 2021 Annual Symposium on Computer-Human Interaction in Play (CHI PLAY ’21), October 18-21, 2021, Virtual Event, Austria"
"Saaty",2021,"Exergames and Nature","Proceedings of the NatureHCI 2021 workshop"
"Salvador",2016,"Squids, octopuses and lots of ink","Journal of Geek Studies"
"Salvador",2019,"Pokémollusca: the mollusk-inspired Pokémon","Journal of Geek Studies"
"Salvador",2021,"The giant snails of ARK: Survival Evolved","Journal of Geek Studies"
"Salvador",2022,"Cicadas in Japanese video games and anime","Journal of Geek Studies"
"Salvador",2023,"The snails of Super Mario Bros.Wonder","Journal of Geek Studies"
"Salvador",2024,"The birds of Fate/Grand Order","Journal of Geek Studies"
"Salvador",2024,"What's the deal with the blue ""robins"" in gacha games?","Journal of Geek Studies"
"Santacreu",2021,"Représentation critique de la nature dans les jeux vidéo post-apocalyptiques : étude du jeu The Last of Us","dissertation"
"Sarges",2022,"Pokémon como ferramenta de divulgação científica em diferentes universos","Botânica Pública"
"Schmidt-Jeffris",2018,"Gotta Catch’em All! Communicating Entomology with Pokémon","American Entomologist"
"Shelomi",2019,"Entomoludology: Arthropods in Video Games","American Entomologist"
"Spors",2024,"Ecological In/congruence: Becoming Sensitised to Nature in Video Games through Humanistic First-Person Research","Proceedings of the CHI Conference on Human Factors in Computing Systems"
"Tait",2017,"Making Gamer Worlds in Mass Appeal Futuristic Online Games","dissertation"
"Tait",2022,"Nonscalability and generating digital outer space natures in No Man’s Sky","EPE: Nature and Space"
"Takemoto",2021,"A Typology of Digital Games Focusing on Potential Contributions to Communicating United Nations Sustainable Development Goals","Economit Journal: Accountancy, Management and Finance"
"Thibault",2022,"ROOT, Woodland Ideologies in a Fantasy Game","FDG '22: Proceedings of the 17th International Conference on the Foundations of Digital Games"
"Thomas",2019,"You’re an oegopsid now: the phylogeny of squid kids from the future","Journal of Geek Studies"
"Tlili",2024,"How environmental perception affects players’ in-game behaviors? Towards developing games in compliance with sustainable development goals","Entertainment Computing"
"Tomotani",2014,"Robins, robins, robins","Journal of Geek Studies"
"Tomotani",2016,"Over(bird)watch","Journal of Geek Studies"
"Trépanier-Jobin",2024,"The Underrealized Ecocritical Potential of ABZÛ","Ecogames: Playful Perspectives on the Climate Crisis"
"Truong",2018,"Gamers Like It Green: The Significance of Vegetation in Online Gaming","Ecopsychology"
"Villarejo-Carballido",2022,"Key Competences for Lifelong Learning through the “Animal Crossing: New Horizons” Video Game","Future Internet"
"Vuong",2021,"A Multinational Data Set of Game Players' Behaviors in a Virtual World and Environmental Perceptions","Data Intelligence"
"Vuong",2021,"On the environment-destructive probabilistic trends: A perceptual and behavioral study on video game players","Technology in Society"
"Wessbo",2023,"Human vs Environment: An Ecolinguistic Analysis of the Game Valheim from a Didactic Perspective","Confero"
"Whittington",2024,"Observant Play and Modding: The Postcolonial, Environmentalist Playthrough of Minecraft","Proceedings of DiGRA 2024"
"Wragg",2024,"Outdoor Play Mediated through Pokémon: Facing the Snorlax","Routledge Handbook of Mobile Technology, Social Media and the Outdoors"
"Zhou",2023,"参与式文化视角下生态科普游戏化研究——基于联合国“玩游戏·救地球”项目分析","科普研究"
"Ruffino",2021,"Nonhuman Games: Playing in the Post-Anthropocene","Death, Culture & Leisure: Playing Dead"
"Bianchi",2019,"Ecoplay: The rhetorics of games about nature","Mediating Nature: The Role of Technology in Ecological Literacy"
"Bódi",2024,"The Duality of Cozy Games: Cozy Agency, Neoliberalism, and Affect","Replay"
"Brown",2014,"The Garden in the Machine: Video Games and Environmental Consciousness","Philological Quarterly"
"Caciuc",2014,"Reflections on the Ecologic Ethics in Online Games","International Journal of Social and Educational Innovation"
"Cole",2020,"Games and the Environment","Games as Texts: A Practical Application of Textual Analysis to Games"
"Emerson",2016,"Is ‘Pokémon Go’ Good For Science?","Vice"
"Fuchs",2020,"Playing (With) the Non-human: The Animal Avatar in Bear Simulator","Outside the Anthropological Machine: Crossing the Human-Animal Divide and Other Exit Strategies"
"Holmes",2019,"Visualizing ecocritical euphoria in Red Dead Redemption 2","Mediating Nature: The Role of Technology in Ecological Literacy"
"Jański",2016,"Towards a Categorisation of Animals in Video Games","Homo Ludens"
"Navarro-Remesal",2019,"Pixelated nature: ecocriticism, animals, moral consideration, and degrowth in videogames","Logos"
"op de Beke",2020,"Anthropocene Temporality in Gaia Games","Kronoscope"
"Pinder",2024,"“So, the Snake’s Finally Come Out of His Hole”: Liminal Relationships between Humans and Nature in the Metal Gear Solid Series","Metal Gear Solid Series: Critical Essays and New Perspectives"
"Pinder",2024,"Negotiating Anthropocentrism and Ecologies in Cozy Games","Replay"
"Pozzo",2020,"Natureza cósmica digital: o narrar ecológico no jogo digital Outer Wilds","ANTARES: Letras E Humanidades"
"Price",2024,"Greening a Green Beret: Diamond Dogs as Environmental Enforcement for Hire in Metal Gear Solid V: The Phantom Pain","Metal Gear Solid Series: Critical Essays and New Perspectives"
"Seller",2020,"Vegetal Horrors: Blair Witch, Darkwood and Non-human Turn Game Studies","Proceedings of DiGRA 2020"
"Smith",2016,"A walk in the park: Is Pokémon Go foreshadowing the future of biodiversity research and scientific outreach?","EMBO reports"
"UNEP",2023,"Playing for the Planet Annual Impact Report 2022","Playing for the Planet Annual Impact Report 2022"
"Butkiewicz",2023,"Analysis of Potential Educational Areas of Pokémon Go! Game Use Based on Mini FGI Method","Roczniki Nauk Społecznych"
"Daiiani",2025,"Gameful interventions for pro-environmental attitude change","International Journal of Human-Computer Studies"
"Cox",2022,"Sustainability in City-Building Games","Proceedings of DiGRA 2022"
"Hobbs",2020,"A collaborative, user-based approach to developing science-communication resources using Minecraft","Social Science Review"
"Pais",2024,"Exploring more-than-human worlds and becoming with living and non-living entities through play","DRS2024: Boston"
"Sena",2023,"Designing Learning Activities in Minecraft for Formal Education in Geography","International Journal of Emerging Technologies in Learning (IJET)"
"Sutherland",2020,"Virtualizing the ‘good life’: reworking narratives of agrarianism and the rural idyll in a computer game","Agriculture and Human Values"
"none",2016,"Gotta name them all: how Pokémon can transform taxonomy","Nature"
"de Oliveira Roque",2016,"Could Pokémon Go boost birding?","Nature"
"Dragomir",2025,"One Does Not Simply Play a Game: Tapping into Game Worlds as Cultural Texts","Digital Studies/Le champ numérique"
"Galloway",2021,"Climate Games, the Blue Humanities, and Listening to the Deep-Sea Ecosystems in Games in a Time of Ecological Crisis","AMP: American Music Perspective"
"Comerford",2020,"Coconuts, Custom-Play & COVID-19: Social Isolation, Serious Leisure and Personas in Animal Crossing: New Horizons","Persona Studies"
