realm_code,realm_name,biome_code,biome_name,efg_code,efg_name
F,,F1,,F1.5,F1.5 Seasonal lowland rivers
F,,F1,,F1.4,F1.4 Seasonal upland streams
F,,F1,,F1.3,F1.3 Freeze-thaw rivers and streams
F,,F1,,F1.2,F1.2 Permanent lowland rivers
F,,F1,,F1.1,F1.1 Permanent upland streams
F,,F1,,F1.7,F1.7 Large lowland rivers
F,,F1,,F1.6,F1.6 Episodic arid rivers
F,,F2,,F2.10,F2.10 Subglacial lakes
F,,F2,,F2.1,F2.1 Large permanent freshwater lakes
F,,F2,,F2.2,F2.2 Small permanent freshwater lakes
F,,F2,,F2.3,F2.3 Seasonal freshwater lakes
F,,F2,,F2.4,F2.4 Freeze-thaw freshwater lakes
F,,F2,,F2.5,F2.5 Ephemeral freshwater lakes
F,,F2,,F2.6,F2.6 Permanent salt and soda lakes
F,,F2,,F2.8,F2.8 Artesian springs and oases
F,,F2,,F2.9,F2.9 Geothermal pools and wetlands
F,,F2,,F2.7,F2.7 Ephemeral salt lakes
F,,F3,,F3.2,F3.2 Constructed lacustrine wetlands
F,,F3,,F3.3,F3.3 Rice paddies
F,,F3,,F3.4,F3.4 Freshwater aquafarms
F,,F3,,F3.5,"F3.5 Canals, ditches and drains"
F,,F3,,F3.1,F3.1 Large reservoirs
FM,,FM1,,FM1.2,FM1.2 Permanently open riverine estuaries and bays
FM,,FM1,,FM1.1,FM1.1 Deepwater coastal inlets
FM,,FM1,,FM1.3,FM1.3 Intermittently closed and open lakes and lagoons
M,,M1,,M1.5,M1.5 Photo-limited marine animal forests
M,,M1,,M1.9,M1.9 Upwelling zones
M,,M1,,M1.8,M1.8 Subtidal mud plains
M,,M1,,M1.7,M1.7 Subtidal sand beds
M,,M1,,M1.6,M1.6 Subtidal rocky reefs
M,,M1,,M1.4,M1.4 Shellfish beds and reefs
M,,M1,,M1.3,M1.3 Photic coral reefs
M,,M1,,M1.2,M1.2 Kelp forests
M,,M1,,M1.1,M1.1 Seagrass meadows
M,,M1,,M1.10,M1.10 Rhodolith/Maërl beds
M,,M2,,M2.2,M2.2 Mesopelagic ocean water
M,,M2,,M2.5,M2.5 Sea ice
M,,M2,,M2.3,M2.3 Bathypelagic ocean waters
M,,M2,,M2.1,M2.1 Epipelagic ocean waters
M,,M2,,M2.4,M2.4 Abyssopelagic ocean waters
M,,M3,,M3.4,"M3.4 Seamounts, ridges and plateaus"
M,,M3,,M3.7,M3.7 Chemosynthetic-based-ecosystems (CBE)
M,,M3,,M3.6,M3.6 Hadal trenches and troughs
M,,M3,,M3.1,M3.1 Continental and island slopes
M,,M3,,M3.5,M3.5 Deepwater biogenic beds
M,,M3,,M3.2,M3.2 Submarine canyons
M,,M3,,M3.3,M3.3 Abyssal plains
M,,M4,,M4.1,M4.1 Submerged artificial structures
M,,M4,,M4.2,M4.2 Marine aquafarms
MFT,,MFT1,,MFT1.3,MFT1.3 Coastal saltmarshes and reedbeds
MFT,,MFT1,,MFT1.1,MFT1.1 Coastal river deltas
MFT,,MFT1,,MFT1.2,MFT1.2 Intertidal forests and shrublands
MT,,MT1,,MT1.1,MT1.1 Rocky Shorelines
MT,,MT1,,MT1.3,MT1.3 Sandy Shorelines
MT,,MT1,,MT1.2,MT1.2 Muddy Shorelines
MT,,MT1,,MT1.4,MT1.4 Boulder and cobble shores
MT,,MT2,,MT2.2,MT2.2 Large seabird and pinniped colonies
MT,,MT2,,MT2.1,MT2.1 Coastal shrublands and grasslands
MT,,MT3,,MT3.1,MT3.1 Artificial shorelines
S,,S1,,S1.1,S1.1 Aerobic caves
S,,S1,,S1.2,S1.2 Endolithic systems
S,,S2,,S2.1,S2.1 Anthropogenic subterranean voids
SF,,SF1,,SF1.1,SF1.1 Underground streams and pools
SF,,SF1,,SF1.2,SF1.2 Groundwater ecosystems
SF,,SF2,,SF2.2,SF2.2 Flooded mines and other voids
SF,,SF2,,SF2.1,SF2.1 Water pipes and subterranean canals
SM,,SM1,,SM1.2,SM1.2 Anchialine pools
SM,,SM1,,SM1.1,SM1.1 Anchialine caves
SM,,SM1,,SM1.3,SM1.3 Sea caves
T,,T1,,T1.3,T1.3 Tropical/Subtropical montane rainforests
T,,T1,,T1.4,T1.4 Tropical heath forests
T,,T1,,T1.2,T1.2 Tropical/Subtropical dry forests and thickets
T,,T1,,T1.1,T1.1 Tropical/Subtropical lowland rainforests
T,,T2,,T2.1,T2.1 Boreal and temperate high montane forests and woodlands
T,,T2,,T2.2,T2.2 Deciduous temperate forests
T,,T2,,T2.3,T2.3 Oceanic cool temperate rainforests
T,,T2,,T2.4,T2.4 Warm temperate laurophyll forests
T,,T2,,T2.5,T2.5 Temperate pyric humid forests
T,,T2,,T2.6,T2.6 Temperate pyric sclerophyll forests and woodlands
T,,T3,,T3.1,T3.1 Seasonally dry tropical shrublands
T,,T3,,T3.4,"T3.4 Young rocky pavements, lava flows and screes"
T,,T3,,T3.2,T3.2 Seasonally dry temperate heath and shrublands
T,,T3,,T3.3,T3.3 Cool temperate heathlands
T,,T4,,T4.4,T4.4 Temperate woodlands
T,,T4,,T4.1,T4.1 Trophic savannas
T,,T4,,T4.2,T4.2 Pyric tussock savannas
T,,T4,,T4.3,T4.3 Hummock savannas
T,,T4,,T4.5,T4.5 Temperate subhumid grasslands
T,,T5,,T5.3,T5.3 Sclerophyll hot deserts and semi-deserts
T,,T5,,T5.5,T5.5 Hyper-arid deserts
T,,T5,,T5.4,T5.4 Cool deserts and semi-deserts
T,,T5,,T5.2,T5.2 Succulent or Thorny deserts and semi-deserts
T,,T5,,T5.1,T5.1 Semi-desert steppe
T,,T6,,T6.5,T6.5 Tropical alpine grasslands and herbfields
T,,T6,,T6.1,"T6.1 Ice sheets, glaciers and perennial snowfields"
T,,T6,,T6.2,"T6.2 Polar/alpine cliffs, screes, outcrops and lava flows"
T,,T6,,T6.3,T6.3 Polar tundra and deserts
T,,T6,,T6.4,T6.4 Temperate alpine grasslands and shrublands
T,,T7,,T7.4,T7.4 Urban and industrial ecosystems
T,,T7,,T7.1,T7.1 Annual croplands
T,,T7,,T7.2,T7.2 Sown pastures and fields
T,,T7,,T7.3,T7.3 Plantations
T,,T7,,T7.5,T7.5 Derived semi-natural pastures and old fields
TF,,TF1,,TF1.2,TF1.2 Subtropical/temperate forested wetlands
TF,,TF1,,TF1.1,TF1.1 Tropical flooded forests and peat forests
TF,,TF1,,TF1.3,TF1.3 Permanent marshes
TF,,TF1,,TF1.4,TF1.4 Seasonal floodplain marshes
TF,,TF1,,TF1.5,TF1.5 Episodic arid floodplains
TF,,TF1,,TF1.6,"TF1.6 Boreal, temperate and montane peat bogs"
TF,,TF1,,TF1.7,TF1.7 Boreal and temperate fens
